"game_id","turn","delta_usd","remaining_usd","timestamp"
"2026-01-30_deepseek-v3.2_vs_gemini-2.5-flash","2","-25.0","75.0","2026-01-30T23:42:03.862958"
"2026-01-30_deepseek-v3.2_vs_gpt-5.2","2","-10.0","90.0","2026-01-30T23:33:51.318695"
"2026-01-30_deepseek-v3.2_vs_grok-4.1-fast","4","-25.0","75.0","2026-01-30T23:47:25.715194"
"2026-01-30_deepseek-v3.2_vs_llama-3.3-70b-instruct","6","-10.0","90.0","2026-01-30T23:29:54.912262"
"2026-01-30_deepseek-v3.2_vs_llama-4-maverick","10","-50.0","50.0","2026-01-31T00:01:48.787793"
"2026-01-30_deepseek-v3.2_vs_mixtral-8x7b-instruct","1","-20.0","80.0","2026-01-30T23:52:09.069987"
"2026-01-30_deepseek-v3.2_vs_mixtral-8x7b-instruct","2","-30.0","50.0","2026-01-30T23:52:27.693196"
"2026-01-30_deepseek-v3.2_vs_mixtral-8x7b-instruct","8","-15.0","35.0","2026-01-30T23:55:38.867803"
"2026-01-30_deepseek-v3.2_vs_qwen3-next-80b-a3b-instruct","1","-25.0","75.0","2026-01-30T23:38:16.312027"
"2026-01-30_deepseek-v3.2_vs_qwen3-next-80b-a3b-instruct","2","-35.0","40.0","2026-01-30T23:38:47.727289"
"2026-01-30_deepseek-v3.2_vs_qwen3-next-80b-a3b-instruct","4","-35.0","5.0","2026-01-30T23:39:46.500378"
"2026-01-30_deepseek-v3.2_vs_qwen3-next-80b-a3b-instruct","6","-5.0","0.0","2026-01-30T23:40:56.080003"
"2026-01-30_gpt-5.2_vs_deepseek-v3.2","2","-25.0","75.0","2026-01-30T23:02:38.230075"
"2026-01-30_gpt-5.2_vs_gemini-2.5-flash","1","-15.0","85.0","2026-01-30T23:10:11.447107"
"2026-01-30_gpt-5.2_vs_gemini-2.5-flash","2","-20.0","65.0","2026-01-30T23:10:33.818941"
"2026-01-30_gpt-5.2_vs_grok-4.1-fast","4","-25.0","75.0","2026-01-30T23:14:44.418781"
"2026-01-30_gpt-5.2_vs_llama-3.3-70b-instruct","6","-25.0","75.0","2026-01-30T23:00:00.375392"
"2026-01-30_gpt-5.2_vs_mixtral-8x7b-instruct","2","-30.0","70.0","2026-01-30T23:18:09.632083"
"2026-01-30_gpt-5.2_vs_qwen3-next-80b-a3b-instruct","1","-25.0","75.0","2026-01-30T23:06:04.327895"
"2026-01-30_llama-3.3-70b-instruct_vs_deepseek-v3.2","2","-40.0","60.0","2026-01-30T22:41:35.306106"
"2026-01-30_llama-3.3-70b-instruct_vs_gemini-2.5-flash","3","-50.0","50.0","2026-01-30T22:46:16.573486"
"2026-01-30_llama-3.3-70b-instruct_vs_grok-4.1-fast","5","-20.0","80.0","2026-01-30T22:49:16.917863"
"2026-01-30_llama-3.3-70b-instruct_vs_grok-4.1-fast","6","-10.0","70.0","2026-01-30T22:49:40.087596"
"2026-01-30_llama-3.3-70b-instruct_vs_grok-4.1-fast","7","-10.0","60.0","2026-01-30T22:50:01.966805"
"2026-01-30_llama-3.3-70b-instruct_vs_grok-4.1-fast","8","-10.0","50.0","2026-01-30T22:50:24.796510"
"2026-01-30_llama-3.3-70b-instruct_vs_mixtral-8x7b-instruct","2","-25.0","75.0","2026-01-30T22:51:54.914160"
"2026-01-30_llama-3.3-70b-instruct_vs_qwen3-next-80b-a3b-instruct","4","-100.0","0.0","2026-01-30T22:45:38.920134"
"2026-01-31_gemini-2.5-flash_vs_gpt-5.2","10","-10.0","90.0","2026-01-31T00:32:15.062044"
"2026-01-31_gemini-2.5-flash_vs_llama-3.3-70b-instruct","6","-10.0","90.0","2026-01-31T00:28:04.910926"
"2026-01-31_gemini-2.5-flash_vs_llama-4-maverick","3","-25.0","75.0","2026-01-31T00:45:40.137440"
"2026-01-31_gemini-2.5-flash_vs_llama-4-maverick","7","-20.0","55.0","2026-01-31T00:47:02.537734"
"2026-01-31_gemini-2.5-flash_vs_mixtral-8x7b-instruct","4","-50.0","50.0","2026-01-31T00:42:55.899197"
"2026-01-31_gemini-2.5-flash_vs_qwen3-next-80b-a3b-instruct","1","-20.0","80.0","2026-01-31T00:36:20.183201"
"2026-01-31_gemini-2.5-flash_vs_qwen3-next-80b-a3b-instruct","2","-10.0","70.0","2026-01-31T00:36:33.239267"
"2026-01-31_gemini-2.5-flash_vs_qwen3-next-80b-a3b-instruct","5","-30.0","40.0","2026-01-31T00:37:17.233471"
"2026-01-31_grok-4.1-fast_vs_deepseek-v3.2","3","-10.0","90.0","2026-01-31T00:56:10.379740"
"2026-01-31_grok-4.1-fast_vs_gemini-2.5-flash","2","-10.0","90.0","2026-01-31T01:03:36.381549"
"2026-01-31_grok-4.1-fast_vs_gemini-2.5-flash","3","-5.0","85.0","2026-01-31T01:03:52.601330"
"2026-01-31_grok-4.1-fast_vs_gpt-5.2","1","-10.0","90.0","2026-01-31T00:51:57.506600"
"2026-01-31_grok-4.1-fast_vs_llama-3.3-70b-instruct","5","-25.0","75.0","2026-01-31T00:49:36.830170"
"2026-01-31_grok-4.1-fast_vs_llama-4-maverick","3","-15.0","85.0","2026-01-31T01:11:38.421851"
"2026-01-31_grok-4.1-fast_vs_mixtral-8x7b-instruct","1","-20.0","80.0","2026-01-31T01:07:07.165067"
"2026-01-31_grok-4.1-fast_vs_mixtral-8x7b-instruct","8","-0.1","79.9","2026-01-31T01:10:01.720872"
"2026-01-31_grok-4.1-fast_vs_qwen3-next-80b-a3b-instruct","1","-25.0","75.0","2026-01-31T00:59:22.329716"
"2026-01-31_grok-4.1-fast_vs_qwen3-next-80b-a3b-instruct","9","-26.0","49.0","2026-01-31T01:02:22.284421"
"2026-01-31_llama-4-maverick_vs_gemini-2.5-flash","5","-25.0","75.0","2026-01-31T01:55:37.256418"
"2026-01-31_llama-4-maverick_vs_grok-4.1-fast","9","-20.0","80.0","2026-01-31T01:59:22.112946"
"2026-01-31_llama-4-maverick_vs_llama-3.3-70b-instruct","5","-25.0","75.0","2026-01-31T01:43:32.048162"
"2026-01-31_llama-4-maverick_vs_qwen3-next-80b-a3b-instruct","3","-50.0","50.0","2026-01-31T01:52:16.885305"
"2026-01-31_mixtral-8x7b-instruct_vs_gemini-2.5-flash","4","-25.0","75.0","2026-01-31T01:30:44.286271"
"2026-01-31_qwen3-next-80b-a3b-instruct_vs_gemini-2.5-flash","2","-10.0","90.0","2026-01-31T00:15:15.349543"
"2026-01-31_qwen3-next-80b-a3b-instruct_vs_mixtral-8x7b-instruct","1","-20.0","80.0","2026-01-31T00:19:55.806262"
"2026-01-31_R2_deepseek-v3.2_vs_gemini-2.5-flash","3","-25.0","75.0","2026-01-31T03:43:29.169696"
"2026-01-31_R2_deepseek-v3.2_vs_gemini-2.5-flash","10","-50.0","25.0","2026-01-31T03:46:06.943130"
"2026-01-31_R2_deepseek-v3.2_vs_grok-4.1-fast","4","-10.0","90.0","2026-01-31T03:48:27.240796"
"2026-01-31_R2_deepseek-v3.2_vs_llama-4-maverick","3","-20.0","80.0","2026-01-31T03:57:43.032382"
"2026-01-31_R2_deepseek-v3.2_vs_mixtral-8x7b-instruct","4","-40.0","60.0","2026-01-31T03:53:33.921317"
"2026-01-31_R2_deepseek-v3.2_vs_qwen3-next-80b-a3b-instruct","1","-20.0","80.0","2026-01-31T03:37:23.055714"
"2026-01-31_R2_deepseek-v3.2_vs_qwen3-next-80b-a3b-instruct","4","-25.0","55.0","2026-01-31T03:38:32.528768"
"2026-01-31_R2_gemini-2.5-flash_vs_deepseek-v3.2","1","-15.0","85.0","2026-01-31T04:26:27.519754"
"2026-01-31_R2_gemini-2.5-flash_vs_grok-4.1-fast","4","-10.0","90.0","2026-01-31T04:32:19.730877"
"2026-01-31_R2_gemini-2.5-flash_vs_llama-4-maverick","5","-20.0","80.0","2026-01-31T04:37:27.492861"
"2026-01-31_R2_gemini-2.5-flash_vs_llama-4-maverick","8","-30.0","50.0","2026-01-31T04:38:24.216963"
"2026-01-31_R2_gemini-2.5-flash_vs_mixtral-8x7b-instruct","1","-10.0","90.0","2026-01-31T04:33:58.858667"
"2026-01-31_R2_gemini-2.5-flash_vs_qwen3-next-80b-a3b-instruct","3","-10.0","90.0","2026-01-31T04:29:54.214984"
"2026-01-31_R2_gpt-5.2_vs_deepseek-v3.2","3","-30.0","70.0","2026-01-31T03:01:05.626665"
"2026-01-31_R2_gpt-5.2_vs_gemini-2.5-flash","2","-25.0","75.0","2026-01-31T03:09:24.629785"
"2026-01-31_R2_gpt-5.2_vs_llama-4-maverick","4","-50.0","50.0","2026-01-31T03:22:18.378348"
"2026-01-31_R2_gpt-5.2_vs_mixtral-8x7b-instruct","1","-20.0","80.0","2026-01-31T03:17:10.605436"
"2026-01-31_R2_gpt-5.2_vs_qwen3-next-80b-a3b-instruct","3","-50.0","50.0","2026-01-31T03:05:31.457564"
"2026-01-31_R2_grok-4.1-fast_vs_deepseek-v3.2","1","-15.0","85.0","2026-01-31T04:46:27.482273"
"2026-01-31_R2_grok-4.1-fast_vs_deepseek-v3.2","6","-5.0","80.0","2026-01-31T04:48:11.899893"
"2026-01-31_R2_grok-4.1-fast_vs_gemini-2.5-flash","3","-25.0","75.0","2026-01-31T04:53:35.516725"
"2026-01-31_R2_grok-4.1-fast_vs_gpt-5.2","1","-5.0","95.0","2026-01-31T04:42:52.964582"
"2026-01-31_R2_grok-4.1-fast_vs_qwen3-next-80b-a3b-instruct","4","-80.0","20.0","2026-01-31T04:51:10.552291"
"2026-01-31_R2_llama-3.3-70b-instruct_vs_deepseek-v3.2","9","-30.0","70.0","2026-01-31T02:40:14.319271"
"2026-01-31_R2_llama-3.3-70b-instruct_vs_gemini-2.5-flash","3","-25.0","75.0","2026-01-31T02:43:46.195785"
"2026-01-31_R2_llama-3.3-70b-instruct_vs_grok-4.1-fast","3","-25.0","75.0","2026-01-31T02:46:20.768668"
"2026-01-31_R2_llama-3.3-70b-instruct_vs_mixtral-8x7b-instruct","2","-20.0","80.0","2026-01-31T02:49:02.459156"
"2026-01-31_R2_llama-3.3-70b-instruct_vs_qwen3-next-80b-a3b-instruct","4","-25.0","75.0","2026-01-31T02:41:34.668616"
"2026-01-31_R2_llama-4-maverick_vs_deepseek-v3.2","2","-25.0","75.0","2026-01-31T05:30:21.515039"
"2026-01-31_R2_llama-4-maverick_vs_gemini-2.5-flash","4","-25.0","75.0","2026-01-31T05:35:16.917369"
"2026-01-31_R2_llama-4-maverick_vs_grok-4.1-fast","4","-20.0","80.0","2026-01-31T05:37:39.303492"
"2026-01-31_R2_llama-4-maverick_vs_llama-3.3-70b-instruct","9","-50.0","50.0","2026-01-31T05:26:38.280667"
"2026-01-31_R2_llama-4-maverick_vs_mixtral-8x7b-instruct","5","-20.0","80.0","2026-01-31T05:40:24.813631"
"2026-01-31_R2_llama-4-maverick_vs_qwen3-next-80b-a3b-instruct","2","-50.0","50.0","2026-01-31T05:32:44.052326"
"2026-01-31_R2_mixtral-8x7b-instruct_vs_deepseek-v3.2","5","-22.0","78.0","2026-01-31T05:10:26.023293"
"2026-01-31_R2_mixtral-8x7b-instruct_vs_gemini-2.5-flash","4","-10.0","90.0","2026-01-31T05:16:14.467501"
"2026-01-31_R2_mixtral-8x7b-instruct_vs_llama-3.3-70b-instruct","7","-40.0","60.0","2026-01-31T05:04:14.756290"
"2026-01-31_R2_mixtral-8x7b-instruct_vs_llama-4-maverick","2","-10.0","90.0","2026-01-31T05:21:03.167667"
"2026-01-31_R2_mixtral-8x7b-instruct_vs_qwen3-next-80b-a3b-instruct","2","-15.0","85.0","2026-01-31T05:13:22.647503"
"2026-01-31_R2_qwen3-next-80b-a3b-instruct_vs_deepseek-v3.2","1","-10.0","90.0","2026-01-31T04:07:24.192855"
"2026-01-31_R2_qwen3-next-80b-a3b-instruct_vs_grok-4.1-fast","3","-25.0","75.0","2026-01-31T04:13:04.135667"
"2026-01-31_R2_qwen3-next-80b-a3b-instruct_vs_llama-3.3-70b-instruct","4","-30.0","70.0","2026-01-31T04:01:28.674820"
"2026-01-31_R2_qwen3-next-80b-a3b-instruct_vs_mixtral-8x7b-instruct","1","-20.0","80.0","2026-01-31T04:15:04.167840"
"2026-01-31_R3_deepseek-v3.2_vs_gemini-2.5-flash","3","-25.0","75.0","2026-01-31T06:49:55.719252"
"2026-01-31_R3_deepseek-v3.2_vs_gpt-5.2","2","-10.0","90.0","2026-01-31T06:37:54.985868"
"2026-01-31_R3_deepseek-v3.2_vs_grok-4.1-fast","3","-10.0","90.0","2026-01-31T06:54:01.550723"
"2026-01-31_R3_deepseek-v3.2_vs_llama-3.3-70b-instruct","5","-25.0","75.0","2026-01-31T06:34:35.250143"
"2026-01-31_R3_deepseek-v3.2_vs_mixtral-8x7b-instruct","5","-50.0","50.0","2026-01-31T06:58:30.428767"
"2026-01-31_R3_deepseek-v3.2_vs_mixtral-8x7b-instruct","6","-50.0","0.0","2026-01-31T06:58:50.291737"
"2026-01-31_R3_deepseek-v3.2_vs_qwen3-next-80b-a3b-instruct","1","-30.0","70.0","2026-01-31T06:41:56.856322"
"2026-01-31_R3_deepseek-v3.2_vs_qwen3-next-80b-a3b-instruct","3","-20.0","50.0","2026-01-31T06:42:48.814526"
"2026-01-31_R3_gemini-2.5-flash_vs_deepseek-v3.2","3","-20.0","80.0","2026-01-31T07:27:37.808855"
"2026-01-31_R3_gemini-2.5-flash_vs_grok-4.1-fast","7","-10.0","90.0","2026-01-31T07:33:27.493831"
"2026-01-31_R3_gemini-2.5-flash_vs_mixtral-8x7b-instruct","4","-30.0","70.0","2026-01-31T07:35:01.639044"
"2026-01-31_R3_gpt-5.2_vs_deepseek-v3.2","4","-20.0","80.0","2026-01-31T06:10:24.323451"
"2026-01-31_R3_gpt-5.2_vs_grok-4.1-fast","1","-10.0","90.0","2026-01-31T06:20:02.712092"
"2026-01-31_R3_gpt-5.2_vs_grok-4.1-fast","6","-25.0","65.0","2026-01-31T06:22:06.257701"
"2026-01-31_R3_gpt-5.2_vs_grok-4.1-fast","9","-15.0","50.0","2026-01-31T06:23:24.681190"
"2026-01-31_R3_gpt-5.2_vs_llama-3.3-70b-instruct","1","-25.0","75.0","2026-01-31T06:04:57.213179"
"2026-01-31_R3_gpt-5.2_vs_llama-4-maverick","4","-26.0","74.0","2026-01-31T06:29:26.569589"
"2026-01-31_R3_gpt-5.2_vs_mixtral-8x7b-instruct","1","-25.0","75.0","2026-01-31T06:24:09.623202"
"2026-01-31_R3_gpt-5.2_vs_mixtral-8x7b-instruct","3","-3.0","72.0","2026-01-31T06:24:46.442042"
"2026-01-31_R3_gpt-5.2_vs_mixtral-8x7b-instruct","10","-44.0","28.0","2026-01-31T06:28:02.359006"
"2026-01-31_R3_gpt-5.2_vs_qwen3-next-80b-a3b-instruct","1","-40.0","60.0","2026-01-31T06:12:54.375324"
"2026-01-31_R3_grok-4.1-fast_vs_deepseek-v3.2","2","-15.0","85.0","2026-01-31T07:48:00.882375"
"2026-01-31_R3_grok-4.1-fast_vs_gemini-2.5-flash","3","-25.0","75.0","2026-01-31T07:54:05.068438"
"2026-01-31_R3_grok-4.1-fast_vs_mixtral-8x7b-instruct","3","-20.0","80.0","2026-01-31T07:56:40.757118"
"2026-01-31_R3_grok-4.1-fast_vs_mixtral-8x7b-instruct","4","-30.0","50.0","2026-01-31T07:56:57.015674"
"2026-01-31_R3_grok-4.1-fast_vs_mixtral-8x7b-instruct","5","-50.0","0.0","2026-01-31T07:57:16.021077"
"2026-01-31_R3_grok-4.1-fast_vs_qwen3-next-80b-a3b-instruct","2","-20.0","80.0","2026-01-31T07:50:56.640564"
"2026-01-31_R3_llama-3.3-70b-instruct_vs_deepseek-v3.2","3","-50.0","50.0","2026-01-31T05:46:34.913678"
"2026-01-31_R3_llama-3.3-70b-instruct_vs_gemini-2.5-flash","3","-25.0","75.0","2026-01-31T05:53:32.757278"
"2026-01-31_R3_llama-3.3-70b-instruct_vs_grok-4.1-fast","4","-20.0","80.0","2026-01-31T05:56:46.920822"
"2026-01-31_R3_llama-3.3-70b-instruct_vs_grok-4.1-fast","5","-10.0","70.0","2026-01-31T05:57:10.675902"
"2026-01-31_R3_llama-3.3-70b-instruct_vs_grok-4.1-fast","6","-10.0","60.0","2026-01-31T05:57:32.453654"
"2026-01-31_R3_llama-3.3-70b-instruct_vs_grok-4.1-fast","7","-10.0","50.0","2026-01-31T05:57:50.336646"
"2026-01-31_R3_llama-3.3-70b-instruct_vs_grok-4.1-fast","8","-10.0","40.0","2026-01-31T05:58:08.709090"
"2026-01-31_R3_llama-3.3-70b-instruct_vs_grok-4.1-fast","9","-10.0","30.0","2026-01-31T05:58:28.846247"
"2026-01-31_R3_llama-3.3-70b-instruct_vs_grok-4.1-fast","10","-10.0","20.0","2026-01-31T05:58:44.569086"
"2026-01-31_R3_llama-3.3-70b-instruct_vs_mixtral-8x7b-instruct","2","-50.0","50.0","2026-01-31T05:59:14.606070"
"2026-01-31_R3_llama-3.3-70b-instruct_vs_qwen3-next-80b-a3b-instruct","1","-20.0","80.0","2026-01-31T05:49:37.542152"
"2026-01-31_R3_llama-4-maverick_vs_gemini-2.5-flash","3","-25.0","75.0","2026-01-31T09:02:17.401287"
"2026-01-31_R3_llama-4-maverick_vs_llama-3.3-70b-instruct","9","-50.0","50.0","2026-01-31T08:46:23.538737"
"2026-01-31_R3_llama-4-maverick_vs_mixtral-8x7b-instruct","4","-50.0","50.0","2026-01-31T09:15:53.806479"
"2026-01-31_R3_llama-4-maverick_vs_mixtral-8x7b-instruct","7","-10.0","40.0","2026-01-31T09:16:36.162803"
"2026-01-31_R3_llama-4-maverick_vs_qwen3-next-80b-a3b-instruct","4","-25.0","75.0","2026-01-31T09:00:29.675561"
"2026-01-31_R3_mixtral-8x7b-instruct_vs_deepseek-v3.2","2","-30.0","70.0","2026-01-31T08:08:22.604091"
"2026-01-31_R3_mixtral-8x7b-instruct_vs_gemini-2.5-flash","5","-15.0","85.0","2026-01-31T08:16:56.166790"
"2026-01-31_R3_mixtral-8x7b-instruct_vs_grok-4.1-fast","3","-20.0","80.0","2026-01-31T08:23:30.848057"
"2026-01-31_R3_mixtral-8x7b-instruct_vs_llama-4-maverick","5","-10.0","90.0","2026-01-31T08:42:32.221704"
"2026-01-31_R3_mixtral-8x7b-instruct_vs_qwen3-next-80b-a3b-instruct","2","-20.0","80.0","2026-01-31T08:11:40.441214"
"2026-01-31_R3_qwen3-next-80b-a3b-instruct_vs_gemini-2.5-flash","3","-20.0","80.0","2026-01-31T07:12:38.783319"
"2026-01-31_R3_qwen3-next-80b-a3b-instruct_vs_grok-4.1-fast","4","-10.0","90.0","2026-01-31T07:15:06.050118"
"2026-01-31_R3_qwen3-next-80b-a3b-instruct_vs_llama-3.3-70b-instruct","4","-10.0","90.0","2026-01-31T07:04:37.130513"
"2026-01-31_R3_qwen3-next-80b-a3b-instruct_vs_mixtral-8x7b-instruct","1","-30.0","70.0","2026-01-31T07:16:48.243914"
